"항목",전국,전국,전국,전국,전국,전국,전국,전국,전국,전국,전국,전국,전국,전국,전국,전국,전국,전국,전국,전국,전국,전국,전국,전국,전국,전국,전국,전국,전국,전국,전국,전국,전국,전국,전국,전국,전국,전국,전국,전국,전국,전국,전국,전국,전국,전국,전국,전국,전국,전국,전국,전국,전국,전국,전국,전국,전국,전국,전국,전국,전국,전국,전국,전국,전국,전국,전국,전국,전국,전국,전국,전국,전국,전국,전국,전국,전국,전국,전국,전국,전국,전국,전국,전국,전국,전국,전국,전국,전국,전국,전국,전국,전국,전국,전국,전국,전국,전국,전국,전국,전국,전국,전국,전국,전국,전국,전국,전국,전국,전국,전국,전국,전국,전국,전국,전국,전국,전국,전국,전국,전국,전국,전국,전국,전국,전국,전국,전국,전국,전국,전국,전국,전국,전국,전국,전국,전국,전국,전국,전국,전국,전국,전국,전국,전국,전국,전국,전국,전국,전국,전국,전국,전국,전국,전국,전국,전국,전국,전국,전국,전국,전국,전국,전국,전국,전국,전국,전국,전국,전국,전국,전국,전국,전국,전국,전국,전국,전국,전국,전국,전국,전국,전국,전국,전국,전국,전국,전국,전국,전국,전국,전국,전국,전국,전국,전국,전국,전국,전국,전국,전국,전국,전국,전국,전국,전국,전국,전국,전국,전국,전국,전국,전국,전국,전국,전국,전국,전국,전국,전국,전국,전국,전국,전국,전국,전국,전국,전국,전국,전국,전국,전국,전국,전국,전국,전국,전국,전국,전국,전국
"항목",전체,전체,전체,전체,전체,전체,전체,전체,전체,전체,전체,전체,전체,전체,전체,전체,전체,전체,전체,전체,전체,전체,전체,전체,전체,전체,전체,전체,전체,전체,전체,전체,전체,전체,전체,전체,전체,전체,전체,전체,전체,전체,전체,전체,전체,전체,전체,전체,전체,전체,전체,전체,전체,전체,전체,전체,전체,전체,전체,전체,전체,전체,전체,전체,전체,전체,전체,전체,전체,전체,전체,전체,전체,전체,전체,전체,전체,전체,전체,전체,여자,여자,여자,여자,여자,여자,여자,여자,여자,여자,여자,여자,여자,여자,여자,여자,여자,여자,여자,여자,여자,여자,여자,여자,여자,여자,여자,여자,여자,여자,여자,여자,여자,여자,여자,여자,여자,여자,여자,여자,여자,여자,여자,여자,여자,여자,여자,여자,여자,여자,여자,여자,여자,여자,여자,여자,여자,여자,여자,여자,여자,여자,여자,여자,여자,여자,여자,여자,여자,여자,여자,여자,여자,여자,여자,여자,여자,여자,여자,여자,남자,남자,남자,남자,남자,남자,남자,남자,남자,남자,남자,남자,남자,남자,남자,남자,남자,남자,남자,남자,남자,남자,남자,남자,남자,남자,남자,남자,남자,남자,남자,남자,남자,남자,남자,남자,남자,남자,남자,남자,남자,남자,남자,남자,남자,남자,남자,남자,남자,남자,남자,남자,남자,남자,남자,남자,남자,남자,남자,남자,남자,남자,남자,남자,남자,남자,남자,남자,남자,남자,남자,남자,남자,남자,남자,남자,남자,남자,남자,남자
"항목",계,계,계,계,계,계,계,계,계,계,20~29세,20~29세,20~29세,20~29세,20~29세,20~29세,20~29세,20~29세,20~29세,20~29세,30~39세,30~39세,30~39세,30~39세,30~39세,30~39세,30~39세,30~39세,30~39세,30~39세,40~49세,40~49세,40~49세,40~49세,40~49세,40~49세,40~49세,40~49세,40~49세,40~49세,50~59세,50~59세,50~59세,50~59세,50~59세,50~59세,50~59세,50~59세,50~59세,50~59세,60세 이상,60세 이상,60세 이상,60세 이상,60세 이상,60세 이상,60세 이상,60세 이상,60세 이상,60세 이상,미혼,미혼,미혼,미혼,미혼,미혼,미혼,미혼,미혼,미혼,기혼,기혼,기혼,기혼,기혼,기혼,기혼,기혼,기혼,기혼,계,계,계,계,계,계,계,계,계,계,20~29세,20~29세,20~29세,20~29세,20~29세,20~29세,20~29세,20~29세,20~29세,20~29세,30~39세,30~39세,30~39세,30~39세,30~39세,30~39세,30~39세,30~39세,30~39세,30~39세,40~49세,40~49세,40~49세,40~49세,40~49세,40~49세,40~49세,40~49세,40~49세,40~49세,50~59세,50~59세,50~59세,50~59세,50~59세,50~59세,50~59세,50~59세,50~59세,50~59세,60세 이상,60세 이상,60세 이상,60세 이상,60세 이상,60세 이상,60세 이상,60세 이상,60세 이상,60세 이상,미혼,미혼,미혼,미혼,미혼,미혼,미혼,미혼,미혼,미혼,기혼,기혼,기혼,기혼,기혼,기혼,기혼,기혼,기혼,기혼,계,계,계,계,계,계,계,계,계,계,20~29세,20~29세,20~29세,20~29세,20~29세,20~29세,20~29세,20~29세,20~29세,20~29세,30~39세,30~39세,30~39세,30~39세,30~39세,30~39세,30~39세,30~39세,30~39세,30~39세,40~49세,40~49세,40~49세,40~49세,40~49세,40~49세,40~49세,40~49세,40~49세,40~49세,50~59세,50~59세,50~59세,50~59세,50~59세,50~59세,50~59세,50~59세,50~59세,50~59세,60세 이상,60세 이상,60세 이상,60세 이상,60세 이상,60세 이상,60세 이상,60세 이상,60세 이상,60세 이상,미혼,미혼,미혼,미혼,미혼,미혼,미혼,미혼,미혼,미혼,기혼,기혼,기혼,기혼,기혼,기혼,기혼,기혼,기혼,기혼
"항목",2000,2004,2007,2009,2011,2013,2015,2017,2019,2021,2000,2004,2007,2009,2011,2013,2015,2017,2019,2021,2000,2004,2007,2009,2011,2013,2015,2017,2019,2021,2000,2004,2007,2009,2011,2013,2015,2017,2019,2021,2000,2004,2007,2009,2011,2013,2015,2017,2019,2021,2000,2004,2007,2009,2011,2013,2015,2017,2019,2021,2000,2004,2007,2009,2011,2013,2015,2017,2019,2021,2000,2004,2007,2009,2011,2013,2015,2017,2019,2021,2000,2004,2007,2009,2011,2013,2015,2017,2019,2021,2000,2004,2007,2009,2011,2013,2015,2017,2019,2021,2000,2004,2007,2009,2011,2013,2015,2017,2019,2021,2000,2004,2007,2009,2011,2013,2015,2017,2019,2021,2000,2004,2007,2009,2011,2013,2015,2017,2019,2021,2000,2004,2007,2009,2011,2013,2015,2017,2019,2021,2000,2004,2007,2009,2011,2013,2015,2017,2019,2021,2000,2004,2007,2009,2011,2013,2015,2017,2019,2021,2000,2004,2007,2009,2011,2013,2015,2017,2019,2021,2000,2004,2007,2009,2011,2013,2015,2017,2019,2021,2000,2004,2007,2009,2011,2013,2015,2017,2019,2021,2000,2004,2007,2009,2011,2013,2015,2017,2019,2021,2000,2004,2007,2009,2011,2013,2015,2017,2019,2021,2000,2004,2007,2009,2011,2013,2015,2017,2019,2021,2000,2004,2007,2009,2011,2013,2015,2017,2019,2021,2000,2004,2007,2009,2011,2013,2015,2017,2019,2021
"TV시청",63.0,56.7,52.9,59.6,62.8,59.7,69.9,69.4,69.7,83.0,62.0,54.4,48.7,52.4,58.6,53.7,60.1,53.3,51.6,80.6,64.0,55.9,52.3,60.0,61.2,56.2,68.0,64.1,63.5,81.2,62.0,55.9,52.5,58.7,61.4,58.2,69.0,70.1,69.1,81.7,63.0,58.4,52.8,58.8,61.2,59.3,72.2,75.2,76.0,81.9,61.0,58.4,58.3,66.3,71.4,69.4,81.2,83.8,85.3,86.6,62.0,55.8,50.1,55.7,58.6,55.6,60.8,55.7,55.1,81.1,63.0,57.1,54.0,61.0,64.3,61.2,73.7,75.2,75.8,83.8,62.0,56.0,51.3,58.5,61.3,57.9,71.7,71.3,71.4,84.3,65.0,57.1,52.0,55.1,62.7,58.8,67.9,56.4,52.8,82.3,62.0,53.6,49.2,57.5,58.5,52.6,67.7,64.7,65.8,82.6,60.0,54.0,48.1,56.0,57.1,52.5,68.0,71.2,69.5,82.2,61.0,55.6,49.3,56.0,56.7,53.4,72.0,75.6,75.2,83.0,58.0,56.5,55.8,64.2,68.3,67.2,81.4,85.7,86.7,87.7,65.0,58.2,52.7,58.1,62.7,59.4,65.9,57.2,55.6,82.4,61.0,55.3,50.8,58.7,60.9,57.4,73.7,76.2,76.8,85.0,63.0,57.5,54.6,60.7,64.2,61.5,68.0,67.5,68.0,81.6,59.0,51.4,45.2,49.6,54.3,48.6,52.5,50.2,50.4,79.0,66.0,58.1,55.3,62.5,63.8,59.6,68.3,63.5,61.3,79.9,63.0,57.9,56.9,61.5,65.7,63.8,69.9,69.0,68.7,81.2,66.0,61.2,56.2,61.5,65.7,65.1,72.5,74.7,76.7,80.8,65.0,61.0,61.7,69.2,75.4,72.2,81.1,81.4,83.6,85.3,58.0,53.8,48.1,53.8,55.3,52.7,56.8,54.5,54.7,80.0,65.0,59.2,57.6,63.6,68.3,65.6,73.7,74.0,74.7,82.3
"여행",15.0,12.4,10.8,12.4,10.2,12.3,11.1,19.2,16.7,10.5,13.0,11.9,10.2,13.0,9.4,10.9,9.5,20.5,16.6,10.5,20.0,16.4,16.6,18.8,15.5,19.7,21.5,32.1,28.4,19.3,20.0,15.8,12.9,14.7,11.9,15.5,14.5,23.7,21.2,15.1,18.0,14.5,11.5,13.0,12.1,13.1,10.0,18.1,16.2,10.0,9.0,6.0,4.7,5.4,4.8,5.9,4.6,9.9,8.8,4.1,10.0,9.6,7.8,9.6,8.2,9.1,6.9,15.8,13.6,8.6,17.0,13.4,11.9,13.4,11.0,13.5,12.8,20.6,18.0,11.2,12.0,9.2,8.9,10.3,8.2,10.6,11.7,21.0,18.3,11.5,13.0,11.0,11.3,12.9,9.6,12.2,12.1,26.4,22.2,14.2,17.0,13.8,15.4,17.8,13.6,19.8,24.4,37.5,33.0,22.8,16.0,10.6,9.5,10.9,9.2,12.3,14.6,24.8,22.2,16.3,11.0,9.6,7.9,9.6,8.7,9.9,10.4,19.0,18.0,10.2,4.0,2.5,2.5,2.8,2.7,3.6,3.7,9.5,8.0,3.8,9.0,8.3,8.0,9.8,7.6,9.5,9.0,20.9,18.0,11.8,12.0,9.4,9.2,10.4,8.4,10.9,12.6,21.0,18.4,11.4,19.0,15.7,12.7,14.7,12.3,14.0,10.4,17.3,15.0,9.4,13.0,12.8,9.0,13.1,9.2,9.7,6.9,14.8,11.2,7.0,23.0,18.9,17.8,19.7,17.2,19.7,18.7,27.0,24.1,16.2,25.0,20.9,16.3,18.3,14.6,18.6,14.4,22.8,20.2,14.0,25.0,19.3,15.1,16.4,15.4,16.2,9.7,17.1,14.3,9.9,16.0,10.7,7.6,9.0,7.6,8.9,5.7,10.4,9.9,4.5,11.0,10.6,7.6,9.4,8.7,8.8,5.2,11.8,10.1,6.2,22.0,18.0,15.1,16.9,13.9,16.5,13.1,20.1,17.5,11.0
"문화 예술 참여",-,-,-,-,-,-,2.8,2.6,2.4,3.9,-,-,-,-,-,-,4.5,4.8,3.5,6.1,-,-,-,-,-,-,3.0,2.4,2.1,4.1,-,-,-,-,-,-,2.3,2.4,2.2,3.7,-,-,-,-,-,-,2.3,2.2,2.1,3.4,-,-,-,-,-,-,1.1,1.4,1.7,2.2,-,-,-,-,-,-,4.5,4.1,3.2,5.7,-,-,-,-,-,-,2.1,2.0,2.1,3.2,-,-,-,-,-,-,2.8,2.9,2.7,4.1,-,-,-,-,-,-,4.6,5.0,3.7,6.9,-,-,-,-,-,-,3.0,3.0,3.1,4.4,-,-,-,-,-,-,2.7,2.8,2.7,4.4,-,-,-,-,-,-,2.5,2.4,2.2,3.3,-,-,-,-,-,-,0.7,1.0,1.4,1.7,-,-,-,-,-,-,5.0,5.3,4.1,7.2,-,-,-,-,-,-,2.1,2.0,2.2,3.1,-,-,-,-,-,-,2.8,2.4,2.2,3.7,-,-,-,-,-,-,4.4,4.5,3.3,5.4,-,-,-,-,-,-,3.0,1.8,1.2,3.8,-,-,-,-,-,-,1.9,2.0,1.8,2.9,-,-,-,-,-,-,2.1,2.0,2.0,3.6,-,-,-,-,-,-,1.6,2.0,2.1,2.9,-,-,-,-,-,-,4.1,3.1,2.5,4.5,-,-,-,-,-,-,2.1,2.0,2.0,3.2
"문화예술관람",10.0,8.2,6.5,8.3,9.8,10.7,16.5,21.3,19.5,7.8,27.0,21.8,17.0,20.9,22.1,21.7,30.4,37.3,33.2,13.0,8.0,7.5,7.9,9.4,13.0,15.1,22.3,27.2,26.4,9.4,4.0,4.3,3.6,6.0,8.1,10.4,17.9,23.8,21.8,8.5,2.0,1.9,1.7,3.0,4.6,4.9,9.9,16.4,14.5,7.4,1.0,0.7,0.6,1.1,1.6,1.8,3.8,6.1,6.0,3.0,25.0,19.5,14.2,17.8,18.7,19.9,26.3,32.1,29.6,11.9,5.0,4.0,3.5,4.8,6.5,7.2,12.3,16.7,15.2,6.0,11.0,9.9,8.0,9.9,11.7,11.9,18.9,24.2,22.4,8.6,31.0,27.3,22.9,26.4,27.6,25.7,37.2,45.0,41.5,14.7,7.0,8.5,9.0,11.2,16.0,16.6,26.2,31.0,31.0,10.8,4.0,4.8,3.8,7.1,9.4,11.7,21.0,28.2,25.2,10.0,2.0,1.9,1.7,3.6,5.0,5.2,11.0,18.7,17.2,8.7,0.0,0.6,0.4,1.0,1.5,1.7,3.8,5.7,6.2,2.8,32.0,27.7,21.4,24.5,25.7,25.9,33.9,40.9,38.2,14.6,4.0,4.3,3.7,5.4,7.3,7.5,13.7,18.4,17.0,6.5,10.0,6.5,5.0,6.6,7.9,9.5,14.0,18.3,16.4,6.9,22.0,15.5,10.7,14.9,16.3,17.6,23.7,29.9,25.1,11.4,10.0,6.6,6.8,7.7,10.0,13.8,18.5,23.5,22.1,8.2,4.0,3.7,3.4,5.0,6.7,9.2,14.8,19.4,18.6,7.1,3.0,1.9,1.8,2.4,4.2,4.5,8.9,14.1,11.9,6.1,2.0,0.8,0.9,1.1,1.7,1.9,3.7,6.5,5.7,3.2,20.0,12.8,8.6,12.3,13.1,15.2,20.4,25.1,22.9,9.9,5.0,3.6,3.3,4.1,5.5,6.8,10.7,14.9,13.2,5.5
"스포츠관람",-,2.5,2.0,3.1,3.6,2.5,4.3,5.2,4.9,2.6,-,3.8,2.9,4.9,5.6,4.9,7.4,7.4,6.5,3.4,-,2.7,2.4,3.8,4.8,3.1,5.6,6.9,6.1,2.7,-,2.7,2.3,3.6,3.7,2.3,4.8,5.5,5.5,2.7,-,1.8,1.8,2.6,2.8,2.1,3.6,5.8,5.1,3.4,-,0.7,0.7,0.8,1.2,0.7,1.5,1.7,2.4,1.5,-,4.0,2.8,4.7,5.8,4.5,6.5,7.1,6.4,3.3,-,1.9,1.7,2.5,2.8,1.7,3.4,4.5,4.3,2.3,-,0.7,0.8,1.1,1.6,0.9,1.9,2.2,2.1,0.9,-,1.5,1.7,2.4,2.9,2.2,5.1,3.6,3.6,1.7,-,0.9,1.0,1.6,2.5,1.4,2.2,3.1,2.8,1.2,-,0.6,0.8,0.9,1.5,0.6,2.3,2.6,2.7,0.9,-,0.4,0.6,0.9,1.3,0.4,1.0,2.1,2.0,0.9,-,0.1,0.2,0.1,0.3,0.1,0.1,0.5,0.5,0.3,-,1.4,1.3,2.2,2.6,2.0,3.5,3.1,3.2,1.4,-,0.5,0.7,0.8,1.3,0.5,1.4,1.9,1.8,0.7,-,4.3,3.3,5.2,5.6,4.2,6.8,8.3,7.8,4.4,-,6.5,4.2,7.6,8.5,7.6,9.6,11.1,9.3,5.1,-,4.5,3.8,6.0,7.0,4.6,8.8,10.6,9.1,4.1,-,4.7,3.7,6.2,5.8,3.9,7.3,8.3,8.2,4.4,-,3.3,3.1,4.2,4.3,3.7,6.1,9.4,8.1,6.0,-,1.6,1.4,1.7,2.3,1.6,3.3,3.3,4.7,3.0,-,6.0,3.9,6.8,8.3,6.5,8.9,10.2,8.9,4.8,-,3.5,2.9,4.5,4.4,3.2,5.8,7.4,7.2,4.2
"스포츠 활동",11.0,9.0,9.0,10.3,10.1,9.7,13.4,15.4,13.9,15.0,13.0,9.3,8.4,10.5,8.8,9.7,12.3,13.1,12.0,12.7,12.0,8.8,9.4,9.6,8.9,8.4,12.2,13.0,12.2,11.5,13.0,10.9,12.6,14.7,14.2,13.0,16.4,17.9,16.2,16.6,10.0,9.0,9.5,11.5,12.1,11.7,16.2,19.9,17.3,20.3,7.0,5.4,4.0,5.2,5.0,5.0,8.2,12.5,11.9,14.1,15.0,11.1,9.4,11.0,11.0,10.8,14.9,15.2,12.8,12.8,10.0,8.2,8.8,10.1,9.7,9.3,12.8,15.4,14.4,15.8,4.0,3.6,3.9,4.3,4.3,4.2,6.8,8.6,8.3,10.2,4.0,2.9,2.2,2.9,2.5,3.0,4.4,5.2,5.7,7.5,5.0,3.7,4.9,4.0,3.7,3.6,6.6,7.8,7.2,7.2,5.0,4.9,6.5,6.6,7.2,6.4,9.3,10.9,10.1,10.8,4.0,5.5,4.6,6.3,6.3,6.2,10.3,12.3,11.8,14.6,2.0,2.2,2.2,2.4,2.2,2.5,4.4,8.0,8.0,11.0,4.0,2.8,2.2,3.0,3.2,3.0,5.3,5.7,5.5,6.8,4.0,3.8,4.5,4.6,4.6,4.5,7.3,9.6,9.3,11.3,20.0,14.6,14.2,16.7,16.0,15.5,20.2,22.3,19.7,19.8,23.0,16.3,15.2,18.7,15.4,16.4,20.0,20.8,18.1,17.6,20.0,13.7,13.7,15.0,13.9,13.0,17.6,18.0,16.8,15.4,21.0,16.9,18.6,22.5,20.9,19.4,23.3,24.8,22.2,22.2,15.0,12.4,14.3,16.7,17.8,17.2,22.1,27.4,22.8,25.9,12.0,9.8,6.4,8.8,8.6,8.2,13.2,18.2,16.8,17.9,25.0,17.8,15.2,17.5,17.2,16.8,22.4,22.7,18.6,17.5,17.0,13.2,13.8,16.3,15.6,14.9,19.1,22.1,20.2,21.0
"컴퓨터게임,PC통신",12.0,18.9,16.1,16.2,15.7,13.1,19.0,26.9,31.3,33.7,24.0,37.5,32.0,31.5,31.1,26.9,35.2,46.6,54.7,54.0,9.0,17.7,16.4,17.3,16.7,13.9,21.3,35.7,41.0,45.7,5.0,9.5,8.7,8.5,8.7,8.2,14.6,24.7,32.4,38.1,2.0,4.6,5.4,5.2,5.6,4.5,8.1,13.7,19.0,25.4,0.0,1.2,1.8,1.9,2.1,1.9,2.8,4.7,6.5,10.3,34.0,44.1,37.5,39.0,37.7,32.1,40.8,51.3,57.5,55.5,5.0,9.3,7.8,7.9,7.4,5.8,9.7,16.6,20.3,24.7,8.0,13.4,10.8,11.1,10.5,7.8,13.4,21.2,24.8,27.1,17.0,26.4,22.2,22.5,21.4,16.2,24.5,36.4,43.4,42.7,5.0,11.3,9.5,9.6,9.7,7.5,14.1,29.0,32.9,38.0,2.0,6.1,5.8,5.2,4.9,5.3,11.0,19.7,27.7,32.9,1.0,2.8,3.3,3.5,3.8,2.7,5.8,11.5,15.3,22.2,0.0,0.4,0.5,0.7,1.1,0.9,1.4,2.9,3.8,7.5,28.0,36.1,28.6,31.2,29.3,21.4,31.7,42.8,48.5,45.5,2.0,6.2,5.1,4.9,4.6,3.6,7.1,13.7,16.7,21.0,17.0,24.6,21.6,21.6,21.1,18.5,24.8,32.6,37.9,40.4,33.0,49.9,42.8,41.3,41.1,37.5,45.6,56.6,65.6,64.8,13.0,24.0,23.1,24.6,23.2,20.1,28.3,41.9,48.5,52.8,8.0,12.9,11.6,11.8,12.5,11.0,18.2,29.6,36.9,43.0,3.0,6.3,7.5,6.9,7.3,6.4,10.5,15.9,22.6,28.7,1.0,2.2,3.4,3.6,3.5,3.1,4.7,6.9,9.8,13.7,39.0,50.6,44.5,45.5,44.3,40.5,47.9,58.0,64.6,63.2,7.0,12.9,11.0,11.5,10.7,8.4,12.9,19.9,24.4,29.0
"창작적 취미",3.0,3.1,3.2,3.1,4.4,3.8,-,-,-,-,4.0,4.3,4.1,4.8,5.6,6.2,-,-,-,-,3.0,3.0,3.5,3.4,4.7,3.6,-,-,-,-,3.0,2.8,3.3,2.6,4.0,3.8,-,-,-,-,2.0,2.3,2.2,2.2,3.4,2.7,-,-,-,-,1.0,1.5,1.5,1.8,2.3,1.8,-,-,-,-,5.0,5.0,4.6,5.3,7.0,6.6,-,-,-,-,2.0,2.4,2.6,2.4,3.4,2.8,-,-,-,-,4.0,3.4,3.7,3.5,4.8,4.3,-,-,-,-,6.0,5.2,5.6,5.5,6.7,7.1,-,-,-,-,4.0,3.7,4.4,4.5,5.5,4.5,-,-,-,-,3.0,3.1,3.9,3.0,4.9,4.7,-,-,-,-,2.0,2.0,2.0,2.0,3.5,3.1,-,-,-,-,1.0,1.1,1.1,1.4,1.5,1.4,-,-,-,-,7.0,6.4,6.4,6.4,8.8,8.1,-,-,-,-,3.0,2.5,2.8,2.6,3.5,3.1,-,-,-,-,2.0,2.8,2.6,2.8,4.0,3.3,-,-,-,-,3.0,3.2,2.4,4.0,4.4,5.2,-,-,-,-,2.0,2.4,2.6,2.4,3.9,2.8,-,-,-,-,2.0,2.6,2.8,2.3,3.2,3.0,-,-,-,-,2.0,2.6,2.3,2.4,3.3,2.4,-,-,-,-,2.0,2.1,2.0,2.2,3.4,2.4,-,-,-,-,4.0,3.8,3.2,4.3,5.6,5.3,-,-,-,-,2.0,2.3,2.3,2.1,3.2,2.4,-,-,-,-
"자기계발",-,4.3,6.2,6.1,5.6,5.5,-,-,-,-,-,7.8,12.4,12.5,11.5,12.9,-,-,-,-,-,3.4,5.2,5.6,4.8,4.3,-,-,-,-,-,2.4,3.6,3.3,3.5,3.8,-,-,-,-,-,1.5,2.0,2.3,2.7,1.8,-,-,-,-,-,0.6,0.7,0.9,0.9,0.9,-,-,-,-,-,10.7,15.0,15.4,13.6,13.5,-,-,-,-,-,1.9,2.8,2.7,2.6,2.4,-,-,-,-,-,3.7,5.7,5.6,4.9,4.8,-,-,-,-,-,7.0,11.4,12.7,10.6,11.9,-,-,-,-,-,2.5,4.3,4.6,4.2,3.7,-,-,-,-,-,1.8,2.8,2.6,2.6,2.9,-,-,-,-,-,1.0,1.7,1.6,1.5,1.2,-,-,-,-,-,0.3,0.5,0.4,0.5,0.5,-,-,-,-,-,11.4,16.6,17.1,14.5,14.7,-,-,-,-,-,1.3,2.2,2.0,1.8,1.7,-,-,-,-,-,4.9,6.7,6.6,6.4,6.1,-,-,-,-,-,8.7,13.5,12.2,12.4,13.9,-,-,-,-,-,4.3,6.0,6.5,5.4,4.9,-,-,-,-,-,2.9,4.3,3.9,4.4,4.7,-,-,-,-,-,2.0,2.3,2.9,3.9,2.4,-,-,-,-,-,1.0,1.0,1.6,1.4,1.5,-,-,-,-,-,10.1,13.7,14.0,12.9,12.5,-,-,-,-,-,2.5,3.4,3.5,3.5,3.2,-,-,-,-
"사교관련",32.0,30.0,25.6,23.5,20.1,20.6,-,-,-,-,45.0,42.8,37.7,36.7,32.3,32.9,-,-,-,-,29.0,26.3,26.4,22.9,19.7,21.3,-,-,-,-,26.0,24.4,20.6,19.9,16.3,16.7,-,-,-,-,26.0,26.0,22.1,19.8,16.9,17.0,-,-,-,-,27.0,27.1,20.6,17.7,14.6,14.2,-,-,-,-,47.0,42.4,33.8,33.8,29.8,30.9,-,-,-,-,27.0,25.3,22.5,19.8,16.5,16.7,-,-,-,-,31.0,30.1,25.7,23.1,20.9,21.4,-,-,-,-,46.0,45.8,42.3,40.2,37.5,38.9,-,-,-,-,26.0,25.9,26.7,22.5,20.4,23.1,-,-,-,-,23.0,23.7,18.7,18.6,15.8,16.7,-,-,-,-,23.0,23.5,19.9,16.7,15.8,15.7,-,-,-,-,25.0,25.8,18.8,15.9,13.6,12.0,-,-,-,-,52.0,47.5,40.1,39.0,37.1,38.1,-,-,-,-,25.0,24.5,21.2,18.2,15.8,16.2,-,-,-,-,33.0,29.9,25.5,24.0,19.3,19.8,-,-,-,-,44.0,39.5,32.7,32.9,26.9,26.8,-,-,-,-,31.0,26.7,26.2,23.3,19.1,19.6,-,-,-,-,28.0,25.1,22.4,21.1,16.8,16.7,-,-,-,-,29.0,28.6,24.3,22.9,18.1,18.4,-,-,-,-,29.0,28.9,23.1,20.0,15.8,17.0,-,-,-,-,43.0,38.2,28.7,29.5,23.9,25.3,-,-,-,-,29.0,26.2,24.1,21.6,17.3,17.3,-,-,-,-
"봉사활동",-,2.2,1.1,1.6,0.9,1.1,-,-,-,-,-,1.4,0.8,1.1,0.6,0.6,-,-,-,-,-,1.7,0.6,0.8,0.4,0.4,-,-,-,-,-,3.0,1.4,1.9,1.0,1.5,-,-,-,-,-,3.5,1.9,2.6,1.3,1.4,-,-,-,-,-,2.1,0.9,1.4,0.7,0.7,-,-,-,-,-,1.7,1.0,1.4,0.9,1.3,-,-,-,-,-,2.4,1.1,1.7,0.8,1.0,-,-,-,-,-,2.6,1.3,1.8,1.0,1.3,-,-,-,-,-,1.4,0.9,1.0,0.7,0.9,-,-,-,-,-,2.1,0.6,1.0,0.3,0.7,-,-,-,-,-,3.7,1.7,2.3,1.1,1.7,-,-,-,-,-,4.5,2.4,3.5,1.4,1.6,-,-,-,-,-,2.4,1.0,1.5,0.8,0.7,-,-,-,-,-,2.0,1.2,1.4,1.3,2.0,-,-,-,-,-,2.8,1.3,1.9,0.9,1.1,-,-,-,-,-,1.8,0.9,1.3,0.7,0.8,-,-,-,-,-,1.4,0.8,1.2,0.5,0.2,-,-,-,-,-,1.2,0.6,0.7,0.4,0.2,-,-,-,-,-,2.3,1.0,1.5,0.9,1.3,-,-,-,-,-,2.5,1.4,1.7,1.2,1.2,-,-,-,-,-,1.6,0.7,1.3,0.5,0.8,-,-,-,-,-,1.5,0.8,1.3,0.7,0.6,-,-,-,-,-,1.9,0.9,1.3,0.8,0.9,-,-,-,-
"취미·자기개발 활동",-,-,-,-,-,-,14.7,17.6,18.6,22.6,-,-,-,-,-,-,23.2,24.5,25.7,29.5,-,-,-,-,-,-,14.3,17.6,18.6,23.4,-,-,-,-,-,-,14.1,18.2,20.0,24.0,-,-,-,-,-,-,13.0,15.2,16.7,22.5,-,-,-,-,-,-,8.2,12.5,12.8,16.7,-,-,-,-,-,-,21.4,23.2,24.6,27.2,-,-,-,-,-,-,11.8,15.2,16.1,20.6,-,-,-,-,-,-,15.0,17.9,18.9,24.6,-,-,-,-,-,-,22.7,24.8,26.3,33.6,-,-,-,-,-,-,15.5,18.9,19.7,26.6,-,-,-,-,-,-,14.9,20.3,21.4,27.3,-,-,-,-,-,-,13.6,15.2,16.4,25.2,-,-,-,-,-,-,7.5,11.2,12.0,16.4,-,-,-,-,-,-,23.6,25.0,26.4,32.7,-,-,-,-,-,-,12.0,15.4,16.3,21.9,-,-,-,-,-,-,14.4,17.2,18.4,20.4,-,-,-,-,-,-,23.6,24.2,25.2,25.6,-,-,-,-,-,-,13.1,16.3,17.7,20.5,-,-,-,-,-,-,13.3,16.2,18.6,20.8,-,-,-,-,-,-,12.5,15.1,17.1,19.8,-,-,-,-,-,-,9.0,14.1,13.7,17.1,-,-,-,-,-,-,19.7,21.8,23.3,23.0,-,-,-,-,-,-,11.6,15.0,15.9,19.2
"가족과 함께",23.0,24.7,-,-,-,-,-,-,-,-,16.0,14.3,-,-,-,-,-,-,-,-,37.0,40.3,-,-,-,-,-,-,-,-,28.0,30.4,-,-,-,-,-,-,-,-,21.0,22.4,-,-,-,-,-,-,-,-,16.0,16.9,-,-,-,-,-,-,-,-,8.0,8.1,-,-,-,-,-,-,-,-,28.0,30.9,-,-,-,-,-,-,-,-,24.0,25.4,-,-,-,-,-,-,-,-,20.0,18.5,-,-,-,-,-,-,-,-,41.0,43.9,-,-,-,-,-,-,-,-,26.0,28.2,-,-,-,-,-,-,-,-,22.0,22.5,-,-,-,-,-,-,-,-,16.0,16.2,-,-,-,-,-,-,-,-,10.0,10.0,-,-,-,-,-,-,-,-,28.0,30.3,-,-,-,-,-,-,-,-,22.0,23.8,-,-,-,-,-,-,-,-,12.0,9.6,-,-,-,-,-,-,-,-,33.0,36.8,-,-,-,-,-,-,-,-,29.0,32.6,-,-,-,-,-,-,-,-,20.0,22.3,-,-,-,-,-,-,-,-,16.0,17.9,-,-,-,-,-,-,-,-,7.0,6.5,-,-,-,-,-,-,-,-,28.0,31.7,-,-,-,-,-,-,-,-
"가사,잡일",34.0,32.9,30.2,31.0,29.4,29.0,-,-,-,-,20.0,19.3,14.6,14.3,14.7,14.6,-,-,-,-,37.0,38.0,39.1,37.5,38.2,37.3,-,-,-,-,42.0,41.9,38.1,38.3,36.7,36.3,-,-,-,-,45.0,41.2,36.2,37.2,33.7,33.5,-,-,-,-,43.0,37.1,32.2,37.2,31.4,31.0,-,-,-,-,9.0,10.5,7.1,7.0,7.0,7.3,-,-,-,-,43.0,41.4,39.0,39.8,37.8,37.3,-,-,-,-,49.0,48.0,45.2,46.8,44.9,43.7,-,-,-,-,30.0,28.7,22.4,21.9,23.2,22.5,-,-,-,-,58.0,57.2,59.0,57.7,56.2,53.3,-,-,-,-,64.0,63.1,58.8,59.7,59.1,56.8,-,-,-,-,67.0,60.8,56.5,58.1,53.6,53.5,-,-,-,-,55.0,48.2,44.2,50.7,44.8,43.9,-,-,-,-,12.0,15.8,10.4,10.0,11.0,11.0,-,-,-,-,61.0,58.1,56.2,58.2,55.6,54.0,-,-,-,-,17.0,17.1,14.5,14.6,13.3,13.8,-,-,-,-,8.0,8.7,6.1,5.9,5.9,6.8,-,-,-,-,17.0,19.6,20.0,18.3,21.2,21.9,-,-,-,-,20.0,21.1,17.8,17.6,15.0,16.3,-,-,-,-,23.0,21.8,15.8,16.4,13.6,13.4,-,-,-,-,27.0,21.9,16.3,19.2,13.9,14.3,-,-,-,-,6.0,6.2,4.6,4.4,3.8,4.4,-,-,-,-,21.0,22.0,19.0,18.9,17.6,18.1,-,-,-,-
"휴식,수면",51.0,50.7,45.1,42.0,37.3,37.9,50.8,64.9,68.9,70.7,43.0,44.9,42.2,37.6,34.2,36.0,47.0,60.9,64.9,63.7,46.0,48.1,45.7,42.4,39.5,38.6,51.3,63.9,67.2,70.8,53.0,54.6,49.0,45.8,40.7,41.6,56.8,66.2,69.4,71.3,58.0,55.6,47.1,45.2,37.5,38.8,52.1,65.5,70.7,72.6,63.0,56.2,44.9,43.0,37.7,35.9,51.1,69.2,73.4,75.5,45.0,46.8,42.1,36.6,33.8,36.6,45.1,60.6,64.4,63.7,53.0,52.2,46.3,44.0,38.6,38.4,53.2,66.8,70.8,73.6,49.0,49.1,41.9,39.1,34.9,35.7,53.9,67.5,71.9,73.8,41.0,44.9,43.0,38.9,35.1,37.9,51.2,65.1,69.6,69.2,40.0,44.1,40.1,37.9,35.5,34.9,54.3,65.3,68.2,74.9,51.0,53.4,44.7,42.3,37.0,38.2,59.7,67.7,72.2,73.4,55.0,51.9,41.0,39.3,33.7,35.0,54.6,68.0,72.2,73.1,62.0,54.8,40.9,38.5,34.6,32.0,52.4,70.9,76.5,77.5,45.0,47.4,43.5,38.5,36.0,39.6,51.3,64.7,68.6,68.9,50.0,49.7,41.4,39.3,34.6,34.4,54.9,68.5,73.0,75.4,53.0,52.4,48.5,45.1,39.7,40.2,47.5,62.3,65.9,67.6,46.0,44.9,41.2,36.3,33.2,34.1,42.8,56.7,60.4,58.5,51.0,51.9,51.2,46.6,43.4,42.1,48.4,62.5,66.2,67.0,56.0,55.8,53.2,49.1,44.3,45.0,54.0,64.7,66.8,69.3,61.0,59.3,53.3,51.0,41.2,42.5,49.6,63.0,69.1,72.1,64.0,58.1,50.1,49.0,41.7,41.1,49.5,67.0,69.6,73.1,45.0,46.4,40.9,35.1,32.1,34.3,40.2,57.3,61.1,59.8,56.0,55.1,52.0,49.3,43.1,42.9,51.3,64.7,68.3,71.5
"종교활동",-,-,15.0,14.2,14.0,13.2,-,-,-,-,-,-,10.2,7.9,8.3,7.9,-,-,-,-,-,-,13.1,12.7,11.2,10.4,-,-,-,-,-,-,16.4,17.0,16.2,14.1,-,-,-,-,-,-,19.4,18.0,18.4,16.9,-,-,-,-,-,-,19.2,17.9,17.8,17.4,-,-,-,-,-,-,10.1,7.9,8.2,8.5,-,-,-,-,-,-,16.9,16.5,16.2,15.0,-,-,-,-,-,-,18.5,17.9,17.2,16.4,-,-,-,-,-,-,11.6,9.8,9.5,9.0,-,-,-,-,-,-,16.5,15.7,13.8,12.7,-,-,-,-,-,-,21.0,21.5,20.4,18.4,-,-,-,-,-,-,24.3,22.3,23.0,21.8,-,-,-,-,-,-,23.1,22.6,21.0,20.6,-,-,-,-,-,-,12.2,10.1,9.8,10.6,-,-,-,-,-,-,20.5,20.3,19.5,18.3,-,-,-,-,-,-,11.3,10.4,10.8,9.8,-,-,-,-,-,-,8.7,5.8,7.0,6.9,-,-,-,-,-,-,9.9,9.9,8.8,8.2,-,-,-,-,-,-,11.8,12.6,12.1,9.9,-,-,-,-,-,-,14.4,13.7,13.8,12.0,-,-,-,-,-,-,14.0,11.8,13.6,13.2,-,-,-,-,-,-,8.4,6.1,7.0,6.9,-,-,-,-,-,-,12.7,12.3,12.5,11.1,-,-,-,-
"기타",4.0,2.9,0.9,1.1,1.0,1.1,2.1,0.5,0.2,9.7,2.0,1.7,0.5,0.6,0.4,0.8,1.3,0.4,0.2,7.6,4.0,2.7,0.9,0.8,0.6,1.4,3.5,0.8,0.2,4.8,4.0,3.3,0.8,0.9,1.3,0.9,1.8,0.5,0.4,8.1,4.0,3.9,1.2,1.5,1.5,1.4,1.6,0.5,0.2,11.7,5.0,4.2,1.0,2.2,1.0,1.1,2.3,0.6,0.3,14.5,3.0,1.7,0.5,0.5,0.8,0.8,0.9,0.2,0.1,7.0,4.0,3.4,1.0,1.4,1.1,1.3,2.6,0.6,0.3,10.8,4.0,3.5,0.8,1.1,0.8,1.1,2.5,0.6,0.2,12.0,3.0,1.8,0.3,0.5,0.5,0.9,1.7,0.5,0.4,9.9,4.0,3.4,0.9,0.9,0.4,1.6,4.7,0.8,0.2,5.5,5.0,3.9,0.8,0.9,1.0,0.7,2.4,0.7,0.3,10.2,5.0,4.6,1.1,1.2,1.4,1.3,1.8,0.5,0.1,14.9,6.0,5.1,0.8,2.0,0.7,0.8,2.4,0.7,0.1,16.8,3.0,2.0,0.4,0.5,0.8,0.9,1.0,0.3,0.1,9.2,5.0,4.0,0.9,1.3,0.9,1.1,3.0,0.7,0.2,13.0,3.0,2.3,0.9,1.2,1.2,1.2,1.6,0.4,0.3,7.4,2.0,1.5,0.6,0.6,0.2,0.7,0.9,0.2,0.1,5.5,3.0,2.0,0.9,0.6,0.8,1.1,2.4,0.8,0.2,4.1,3.0,2.7,0.8,1.0,1.6,1.1,1.1,0.4,0.6,6.1,3.0,3.1,1.2,1.8,1.7,1.6,1.4,0.5,0.3,8.5,4.0,3.1,1.4,2.6,1.3,1.6,2.2,0.4,0.4,11.6,2.0,1.4,0.6,0.5,0.7,0.7,0.9,0.1,0.1,5.4,3.0,2.7,1.1,1.5,1.4,1.5,2.0,0.6,0.4,8.4
"사회 및 기타 활동",-,-,-,-,-,-,11.3,12.8,15.3,0.4,-,-,-,-,-,-,7.8,8.4,11.8,0.2,-,-,-,-,-,-,7.0,7.6,9.1,0.2,-,-,-,-,-,-,11.3,12.0,12.9,0.4,-,-,-,-,-,-,14.7,15.6,18.7,0.7,-,-,-,-,-,-,15.5,18.9,22.9,0.6,-,-,-,-,-,-,8.5,8.9,10.6,0.2,-,-,-,-,-,-,12.5,14.4,17.3,0.5,-,-,-,-,-,-,14.3,15.8,18.6,0.5,-,-,-,-,-,-,9.8,9.5,13.5,0.3,-,-,-,-,-,-,8.8,9.6,10.7,0.3,-,-,-,-,-,-,14.9,14.7,16.3,0.6,-,-,-,-,-,-,18.3,19.7,23.4,0.8,-,-,-,-,-,-,18.4,22.2,26.3,0.5,-,-,-,-,-,-,11.3,11.3,12.8,0.3,-,-,-,-,-,-,15.4,17.4,20.6,0.5,-,-,-,-,-,-,8.3,9.7,12.0,0.4,-,-,-,-,-,-,5.7,7.2,10.2,0.1,-,-,-,-,-,-,5.3,5.8,7.6,0.1,-,-,-,-,-,-,7.7,9.4,9.6,0.1,-,-,-,-,-,-,11.0,11.4,14.0,0.7,-,-,-,-,-,-,11.8,14.8,18.6,0.7,-,-,-,-,-,-,6.4,7.0,8.8,0.1,-,-,-,-,-,-,9.2,11.0,13.6,0.5
